[{"id":1,"title":"Beer","description":"Cold beer","price":2.99,"code":"abc","stock":12,"category":"beers","status":false},{"id":3,"title":"Wine","description":"Cold wine","price":90,"code":"abc001","stock":5,"category":"wines","status":true},{"id":4,"title":"Branca","description":"Cold beer","price":190,"thumbnail":"./src/branca.png","code":"abc002","stock":5,"category":"beers","status":false},{"id":5,"title":"Branca","description":"Cold beer","price":190,"code":"abc003","stock":5,"category":"beers","status":true}]